X,Y
265.76,-231.14
290.48,-261.52
257.12,-133.35
753.46,-261.14
700.01,-169.05
415.63,-252.45
328.65,-356.79
991.43,-482.35
915.06,-442.77
955.85,-499.68
607.18,-773.68
715.72,-822.11
654.58,-896.76
413.97,-351.96
467.75,-420.42
552.16,-366.04
568.96,-477.25
801.01,-415.13
1336.08,-88.94
1345.42,-131.94
1391.83,-178.39
1624.13,-91.23
1663.13,-207.39
1629.36,-266.32
1688.22,-347.7
1948.39,-383.9
1992.07,-387.07
1887.01,-464.92
2038.94,-331.89
1757.08,-390.64
1771.46,-485.88
1796.81,-413.41
1539.52,-479.33
1499.82,-548.99
1557.05,-568.4
1586.02,-409.93
1632.32,-434.43
1428.11,-471.1
1482.14,-470.86
1670.62,-508.02
1697.07,-580.4
1523.49,-627.9
1441.07,-640.68
1390.23,-596.3
1589.95,-659.96
1312.49,-574.61
1365.1,-688
1192.29,-544.07
1712.35,-643.15
1409.33,-758.04
1637.7,-727.53
1317.21,-781.9
1581.91,-808.15
1470.55,-766.24
1530.6,-866.9
1666.57,-890.77
1317.3,-843.58
1218.89,-811.85
1488.38,-980.08
1477.34,-192.12
1426.21,-239
1293.3,-322.8
1363.11,-403.27
1157.74,-455.55
1205.62,-465.66
1937.92,-706.16
1878.81,-734.35
1199.42,-737.23
1871.4,-940.94
1878.6,-986.6
1934.78,-1004.24
1445.73,-1096.4
1529.5,-2094.65
1442.69,-2094.05
1615.82,-2103.53
1436.23,-2146.67
1499.47,-2171.15
1463.07,-2176.8
1372.01,-2129.34
1593.35,-2214.26
1405.91,-2221.46
1423.25,-2249.84
1537.45,-2242.63
1453.7,-2280.51
1607.48,-2260.49
1581.93,-2380.09
1112.78,-2285.49
1162.71,-2389.23
1470.28,-2383.85
1515.96,-2411.8
1559.26,-2459.14
1621.07,-2471.19
1371.12,-2443.11
1454.01,-2474.16
1192.22,-2437.32
1258.76,-2324.4
1262.25,-2509.61
1217.75,-2514.41
1146.67,-2542.08
1028.32,-2439.04
1064.01,-2504.91
1560.49,-2536.93
1621.89,-2539.52
1588.37,-2547.75
1495.98,-2565.04
1165.9,-2594.75
1202.69,-2627.62
1744.92,-2568.42
1509.57,-2654.44
1294.36,-2645.19
1164.03,-2723.99
1659.34,-2703.62
1581.84,-2782.25
1759.94,-2769.01
1539.85,-2816.16
1592.91,-2822.89
1637.75,-2834.29
1543.31,-2883.14
1603.56,-2901.35
1495.5,-2808.84
1466.8,-2893.14
1374.77,-2876.86
1437.94,-2953.21
1352.01,-2982.01
1515.21,-2944.04
1566.8,-3000.2
1326.68,-3082.67
1464.65,-2705.91
2479.47,-2091.32
2548.71,-2096.1
2604.62,-2113.66
2420.61,-2113.41
2449.47,-2160.48
2545.51,-2192.69
2438.93,-2206.39
2560.4,-2007.1
2648.78,-2121.26
2618.01,-1999.75
2692.39,-2120.57
2327.42,-2119.96
2665.37,-2227.39
2616.31,-2243.1
2744.93,-2200.67
2795.44,-2100.65
2371.33,-2235.55
2223.9,-2183.66
2422.63,-2247.18
2581.29,-2239.83
2522.73,-2274.25
2632.7,-2279.13
2697.73,-2324.13
2653.81,-2350.48
2294.74,-2259.15
2339.09,-2275.96
2574.97,-2326.42
2527.7,-2333.56
2577.18,-2358.41
2378.28,-2371.58
2665.22,-2418.41
2812.45,-2282.43
2777.85,-2292.64
2743.69,-2341.36
2584.14,-2407.06
2701.97,-2463.9
2667.6,-2458.85
2536.7,-2462.48
2615.39,-2474.43
2571.7,-2472.08
2419.03,-2432.21
2367.19,-2453.92
2450.35,-2456.96
2648.76,-2516.43
2701.65,-2527.07
2773.78,-2430.66
2116.32,-2454.83
2104.08,-2495.98
2180.79,-2367.95
2084.32,-2393.74
2017.17,-2449.55
2166.46,-2505.12
2184.4,-2537.62
2292.65,-2477.34
2328.96,-2573.27
2462.37,-2553.48
2655.01,-2579.57
2816.29,-2495
2606.64,-2560.04
2560.99,-2538.42
2551.03,-2595.33
2284.26,-2567.27
2208.98,-2572.07
2089.35,-2616.68
2461.4,-2606.93
2593.63,-2632.92
2386.64,-2595.28
2488.32,-2657.75
2594.4,-2683.18
1828.43,-2514.85
2280.02,-2625.64
2379.75,-2687.22
2666.74,-2691.82
2431.92,-2697.33
2526.96,-2691.69
2575.99,-2715.08
2250.41,-2733.68
1894.24,-2653.89
1846.76,-2700.07
1996.45,-2706.03
1902.02,-2720.65
1919.95,-2548.84
1960.17,-2569.49
2488.18,-2739.2
2427.28,-2751.45
2625.18,-2768.37
2583.57,-2775.43
2351.2,-2734.42
2290.41,-2767.57
2333.93,-2784.45
2384.56,-2797.31
2541.17,-2813.4
1862,-2797.61
1803.31,-2815.52
2038.72,-2751.86
1949.85,-2817.02
1870.12,-2842.77
2133.97,-2744.09
2159.01,-2806.58
2217.81,-2826.67
2258.89,-2830.42
2589.48,-2885.05
2364.87,-2863.22
2316.92,-2905.83
2398.89,-2908.68
1837.73,-2921.11
2078.29,-2883.4
1953.3,-2924.21
2246.07,-2947.83
2020.2,-2937
2105.65,-2948.39
2687.99,-2919.9
2544.55,-2999.54
2652.09,-2999.66
1921.28,-2967.78
1871.8,-2981.15
1824.91,-3010.61
1970.86,-2999.63
1821.39,-3079.63
1918.35,-3096.1
2704.72,-3115.52
2629.92,-3118.73
2664.17,-3120.99
1940.11,-2066.25
1854.6,-2105.27
1920.53,-2120.44
2018.25,-2138.82
1982.86,-1948.36
1879.1,-1961.95
2088.2,-2084.75
2196.26,-2119.28
2082.1,-2138.99
2064.79,-2197.5
1744.71,-2163.05
1886.3,-2184.1
1812.63,-2197.52
2099.43,-2254.48
1778.1,-2208.69
1824.69,-2261.52
1950.58,-2278.71
1839.82,-2320.07
1787.16,-2335.13
1896.83,-2405.75
1767.57,-2433.8
1814.42,-2458.25
1975.48,-2412.73
1965.07,-2484.89
1929.18,-2508.22
3396.13,-2036.92
3330.78,-2124.96
3413.45,-1912.78
3347.53,-1931.8
3457.56,-1976.43
3505.44,-1985.28
2889.14,-2065.55
2828.57,-2149.98
2830.84,-1989.42
3239.56,-2093.71
3213.23,-2135.06
3140.35,-2152.92
2857.79,-2207.15
3309.63,-2210.32
3236.53,-2238.54
3015.32,-2146.83
2999.97,-2195.15
3117.47,-2257.49
3153.9,-2263.98
2819.77,-2235.59
3072.67,-2265.28
2844.4,-2330.15
3067.52,-2349.2
3145.8,-2331.19
2974.87,-2337.27
2838.44,-2388.84
2844.23,-2453.68
2942.63,-2418.66
3146.33,-2437.44
3364.69,-2355.74
3425.09,-2278.06
3434.16,-2367.83
3262.18,-2369.39
3339.98,-2441.73
3539.37,-2390.24
3563.6,-2457.14
3587.36,-2507.68
3531.88,-2314.58
3615.67,-2401.99
3482.75,-2436.64
3216.21,-2395.55
3176.72,-2455.08
3247.67,-2531.2
3669.04,-2501.45
3668.29,-2403.32
3416.85,-2500.01
3322.27,-2566.73
3443.46,-2607.68
3756.74,-2470.58
3221.65,-2613.43
3350.17,-2666.45
2975.02,-2604.78
3019.72,-2618.58
2922.8,-2629.93
2907.98,-2658.69
2975.77,-2664.43
3555.86,-2661.55
3511.99,-2703.64
3181.9,-2641.65
3232.32,-2689.03
3072.46,-2714.71
3006.46,-2735.77
3150.56,-2738.69
3300.54,-2732.07
2808.68,-2694.57
2872.56,-2768.32
3591.38,-2744.6
3182.6,-2805.98
2774.13,-2766.84
3560.99,-2820.85
3110.41,-2787.72
3038.54,-2804.17
3062.87,-2829.78
3125.75,-2855.83
2951.72,-2805.89
3621.89,-2860.05
2878.13,-2816.46
3110.65,-2895.7
3256.48,-2895.5
2959.78,-2866.8
3011.67,-2891.31
3077.67,-2920.39
2834.65,-2902.14
2878.87,-2918.16
3457.36,-2870.59
3572.81,-2921.86
3537.13,-2058.68
3629.71,-2080.85
3567.42,-2121.81
3535.28,-2153.01
3666,-2167.93
3626.21,-2195.04
3486.83,-2207.99
3584.37,-2238.11
3383.72,-2225.42
3654.72,-2250.62
3616.12,-2282.84
3698.68,-2298.57
3733.03,-2307.85
3784.26,-2411.54
4128.37,-1999.03
4077.92,-2035.51
4106.66,-2091.95
4052.47,-1917.14
4012.84,-2055.34
3955.61,-2064.01
4126.29,-2146.75
3970.85,-2142.73
4597.4,-2120.56
4509.65,-2124.01
4648.92,-2054.78
4290.85,-2123.51
4325.18,-2246.04
4508.05,-2231.5
4468.03,-2070.1
4415.75,-2067.63
3882.16,-2175.94
3910.83,-2215.19
4026.04,-2211.62
3866.98,-2237.73
3825.26,-2234.4
3988.54,-2293.4
3913.88,-2326.17
4493.8,-2306.8
4422.67,-2318.16
4585.77,-2313.19
4438.84,-2413.33
4295.57,-2323.24
4543.8,-2432.53
4619.36,-2432.5
4627.46,-2312.75
4383.81,-2488.21
4564.7,-2480.2
3807.77,-2442.78
3833.87,-2492.3
3815.6,-2561.53
4256.72,-2474.29
4176.65,-2477.48
4191.81,-2511.12
4317.65,-2506.27
4274.1,-2530.12
4203.51,-2566.15
4280.57,-2576.77
4240.44,-2399.44
4313.52,-2450.24
4122.05,-2543.44
4155.39,-2377.12
4100.14,-2428.5
4590.39,-2570.12
4216.35,-2630.69
4327.66,-2615.15
4062.2,-2620.43
4159.53,-2665.88
4239.94,-2676
4535.53,-2619.65
4501.71,-2637.03
4604.5,-2666.6
4358.97,-2695.61
4398.94,-2702.32
4293.51,-2731.9
3993.68,-2612.93
4023.48,-2660.33
4001.93,-2701.4
3944.47,-2599.53
4464.88,-2639.79
4544.86,-2692.44
4480.06,-2698.19
3747.94,-2663.05
3815.42,-2752.89
3743.22,-2754.92
3793.17,-2599.8
3845.19,-2635.29
4560.81,-2769.39
4464.9,-2789.28
4603.69,-2798.58
4416.26,-2763.12
3903.48,-2714.59
4075.46,-2788.53
4240.9,-2837.15
3888.68,-2805.55
3759.34,-2833.5
4414.62,-2832.86
4377.49,-2857.16
4335.69,-2861.4
4463.63,-2869.58
4548.76,-2846.52
4507.63,-2878.46
4294,-2900.91
4235.75,-2246.89
4081.16,-2334.43
4005.12,-2373.07
4739.15,-2258.41
3928.76,-2437.89
4138.66,-2335.64
4083.12,-2387.34
4013.23,-2424.32
3973.81,-2472.6
3894.46,-2521.07
4153.26,-2813.17
5145.78,-2386.33
5186.32,-2280.54
5206.32,-2415.56
5153.3,-2502.35
4780.93,-2653.75
4805.34,-2771.86
5116.81,-2688.44
5144.34,-2711.54
5180.26,-2728.92
5072.11,-2744.87
5078.86,-2790.52
5159.38,-2792.04
5201.79,-2602.22
5238.01,-2812.19
5264.83,-2643.57
5009.25,-2801.07
4867.23,-2755.4
4886.47,-2798.86
4765.93,-2809.19
4940.32,-2887.58
4789.55,-2898.98
5321.3,-2734.56
4803.45,-2972.54
4751.46,-2999.45
5391.2,-2926.59
5364.75,-2961.69
5442.95,-2992.09
5414.31,-3068.63
4925.7,-2998.69
4787.13,-3036.87
4864.61,-3038.96
5012.9,-2973.42
5123.82,-2978.26
5026.74,-3013.16
4951.69,-3034.06
5146.57,-3025.56
5172.5,-3074.83
5524.14,-3064.93
5524.33,-2971.57
4747.54,-3148.56
5580.31,-3036.45
5086.82,-2126.54
5135.34,-2178.08
5050.61,-2226.18
5009.73,-2033.62
5437.32,-2143.57
5522.32,-2162.53
5344.32,-2197.58
4887.89,-2145.59
4817.31,-2179.69
4963.1,-2189.9
4902.16,-2214.63
4976.98,-2236.3
4926.6,-2248.66
4925.61,-2028.67
4973.13,-2060.09
4778.89,-2271.44
4856.27,-2297.04
5020.91,-2259.9
4947.74,-2300.55
5390.83,-2315.05
4998.4,-2316.29
4943.81,-2391.06
5482.42,-2359.87
5325.34,-2375.04
4955.91,-2464.17
5250.31,-2488.06
5619.31,-2451.56
5634.3,-2523.55
5004.56,-2515.86
5040.37,-2534.54
5269.03,-2533.05
5282.82,-2575.58
5477.8,-2518.06
5394.32,-2586.56
5316.33,-2654.56
5589.34,-2890.57
1913.29,-3151.1
1969.72,-3262.2
2039.58,-3237.29
1989.18,-3298.95
2139.17,-3283.13
1965.75,-3399.37
1963.28,-3523.62
1963.93,-3582.89
1882.39,-3613.27
1987.11,-3724.64
1955.2,-3825.96
1962.29,-3906.93
1403.74,-3127.41
1335.14,-3159.63
1455.13,-3100.18
1649.78,-3104.23
1679.21,-3158.59
1374.89,-3204.28
1702.54,-3237.46
1744.63,-3312.51
1846.44,-3339.78
1746.93,-3398.7
1344.46,-3451.13
1457.01,-3447.7
1417.02,-3502.78
1567.92,-3519.76
1507.42,-3612.26
1733.02,-3946.96
1774.96,-4008.38
3023.18,-3074.78
2978.75,-3122.85
3050.09,-3154.21
2899.51,-3110.85
2826.98,-3122.21
2905.09,-3161.48
2858.75,-3220.26
2932.19,-3231.5
2660.27,-3222
3016.62,-3223.9
2968.59,-3225.68
2812.25,-3209.33
2817.81,-3253.47
2475.86,-3187.56
2428.93,-3252.27
2215.34,-3203.04
2314.08,-3195.57
2701.7,-3255.73
2835.68,-3281.58
2867.55,-3283.84
2589.86,-3272.8
2636.39,-3298
2660.82,-3347.27
2413.87,-3324.21
2507.33,-3335.93
2463.99,-3369.09
2771.11,-3365.04
2548.48,-3344.16
2888.45,-3395.69
2247.03,-3343.88
2673.39,-3394.26
2496.34,-3423.13
2197.01,-3401.11
2267.34,-3464.97
2728.06,-3399.7
2761.03,-3466.12
2680.19,-3492.7
2927,-3463.23
2973.07,-3475.99
2169.84,-3497.26
2138.85,-3511.87
2928.24,-3518.47
2997.35,-3536.51
2875.1,-3539.93
2368.61,-3514.57
2297.47,-3514.08
2731.67,-3547.36
3019.25,-3582.62
2925.02,-3592.37
2116.27,-3581.88
2224.38,-3597.84
2708.09,-3605.79
2393.73,-3602.43
2830.91,-3581.57
2114.72,-3645.42
2561.11,-3575.19
2461.64,-3614.52
2540.38,-3638.55
2567.54,-3698.85
2858.75,-3688.01
2698.28,-3705.57
2400.15,-3680.54
2516.49,-3719.77
2619.57,-3725.3
2326.64,-3719.07
2297.87,-3749.08
2388.91,-3786.12
2502.71,-3829.17
2238.7,-3730.2
2328.39,-3809.73
2204.21,-3813.49
2716.39,-3762.63
2745.58,-3821.54
2762.83,-3728.88
2825.64,-3764.06
2797.1,-3803.46
2830.94,-3815.81
2656.05,-3837.62
2919.73,-3783.3
2916.66,-3886.77
3023.52,-3721.56
2992.21,-3788.34
2884.98,-3843.58
2993.48,-3882.56
2412.12,-3856.12
2354.22,-3876.93
2331.79,-3931.31
2198.16,-3933.86
2740.32,-3924.47
2813.99,-3915.68
2600.03,-3875.6
2465.09,-3905.57
2587.96,-3921.1
2298.63,-3985.87
2873.02,-3913.72
2885.93,-3966.98
2988.73,-3974.91
2379.93,-4016.08
3043.09,-3993.47
3118.89,-3953.47
3243.57,-3232.62
3194.39,-3268.86
3306.41,-3275.49
3260.01,-3298.97
3349.68,-3180.84
3188.44,-3394.81
3804.19,-3295.53
3681.32,-3309.55
3768.75,-3404.17
3702.94,-3250.45
3877.59,-3262.18
3764.55,-3346.36
3858.41,-3359.95
3801.45,-3383.93
3558.64,-3289.99
3623.24,-3306.11
3131.47,-3439.22
3535.36,-3404.78
3495.45,-3478.76
3459.68,-3385.79
3737.15,-3430.68
3750.9,-3464.82
3392.62,-3407.81
3294.72,-3481.56
3433.52,-3502.15
3425.88,-3338.53
3703.64,-3526.68
3803.82,-3543.17
3915.9,-3473.1
3873.33,-3553.67
4010.43,-3438.78
3985,-3470.68
3569.14,-3542.96
3508.82,-3569.88
3313.24,-3527.75
3236.5,-3550.72
3314.47,-3583.97
3383.42,-3606.03
3211.83,-3602.07
3845.72,-3639.91
3592.49,-3637.32
3920.64,-3652.6
3480.75,-3681.18
3359.67,-3671.86
3283.17,-3683.16
4011.99,-3598.54
4005.64,-3638.54
3184.69,-3674.62
3896,-3708.22
3781.85,-3747.93
3856.24,-3752.93
4013.24,-3742.68
3552.55,-3690.21
3625.86,-3738.21
3551.66,-3744.36
3339.83,-3739.97
3421.25,-3786.86
3651.98,-3762.45
3581.71,-3777.49
3862.04,-3797.01
3993.4,-3796.24
3386.74,-3845.25
3463.54,-3821.86
3728.31,-3825.43
3805.98,-3835.46
3939.59,-3859.35
3201.18,-3802.82
3214.09,-3881.46
3458.73,-3927.14
3753.1,-3885.43
3785.63,-3910.43
3711.37,-3937.87
3828.66,-3921.89
4020,-3923.71
3156.65,-3935.34
3254.37,-3934.74
4031.38,-4021.98
4100.23,-4015.54
3556.6,-3956.65
3389.22,-4016.51
3289.47,-3991.05
3616.81,-3938.61
3640.28,-3998.38
3663.48,-3104.27
3770.78,-3103.49
3719.77,-3115.85
3611.02,-3188.28
3424.66,-3103.57
3382.46,-3127.42
3471.84,-3127.79
3519.67,-3175.63
3842.04,-3112.38
3558.68,-3181.65
3468.37,-3245.97
3961.56,-3168.12
3974.41,-3210.07
4045.4,-3236.55
3932.73,-3282.52
4114.33,-3156.81
4153.19,-3260.97
4114.29,-3465.93
4269.71,-3101.59
4158.81,-3126.13
4279.45,-3146.09
4344.4,-3190.76
4287.13,-3197.9
4468.93,-3107.46
4574.12,-3116.22
4518.97,-3130.96
4421.59,-3169.06
4556.33,-3199
4502.32,-3207.55
4173.76,-3215.34
4453.64,-3239.75
4477.14,-3277.13
4843.67,-3169.34
4790.99,-3241.42
4774.03,-3182.87
4943.13,-3241.45
4678.67,-3203.57
4622.34,-3307.53
4677.89,-3292.08
4727.18,-3247.08
4190.75,-3304.92
4443.19,-3363.14
4646.34,-3356.62
4608.27,-3367.58
4660.75,-3388
4530.54,-3373.72
4309.01,-3348.02
4263.75,-3360.45
4234.02,-3394.1
4386.86,-3399.81
4346.23,-3439.61
4256.78,-3461
4697.83,-3460.62
4192.73,-3453.66
4468.24,-3397.1
4491.15,-3441.07
4787.89,-3383.75
4838.36,-3468.07
4887.61,-3442.01
4646.16,-3497.81
4271.87,-3507.08
4389.03,-3512.32
4579.66,-3515.47
4444.15,-3529.06
4497.93,-3539.9
4151.02,-3536.79
4221.19,-3555.92
4715.82,-3548.47
4293.49,-3578.19
4922.58,-3517.36
4426.89,-3619.68
4758.08,-3596.62
4704.85,-3632.01
4662.76,-3634.58
4145.21,-3608.52
4221.42,-3669.19
4370.52,-3658.24
4943.01,-3579.44
4890.52,-3605.9
4956.31,-3649.19
5004.12,-3690.15
4866.65,-3712.92
4131.55,-3689.01
4469.99,-3665.17
4430.56,-3723.27
4622.24,-3664.79
4643.64,-3721.57
4741.7,-3740.31
4701.54,-3757
5071.13,-3605.46
4644.49,-3772.3
4796.2,-3741.1
4847.64,-3814.56
4463.06,-3794.17
4506.63,-3820.8
4607.41,-3796.67
4735.42,-3842.59
4614.37,-3862.46
4560.93,-3871.9
4591.86,-3923.2
4393.64,-3857.05
4475.95,-3869.74
4920.21,-3841.99
4868.39,-3866.42
4806.93,-3908.5
4886.47,-3926.28
4717.17,-3911.38
4679.34,-3932.03
4972.1,-3846.49
5025.79,-3844.91
5079.33,-3832.26
5058.31,-3880.12
4351.92,-3886.29
4414.62,-3935.42
4347.92,-3947.54
4495.8,-3977.7
4703.38,-4004
4431.36,-3993.56
4289.98,-4004.98
4245.58,-4012.86
4938.99,-3288.03
4972.83,-3330.33
4937.55,-3361.5
5052.11,-3180.96
5061,-3244.65
4204.42,-3940.76
5098.36,-3264.03
5183.11,-3207.45
5255.3,-3215.78
5255.38,-3261.06
5166.61,-3274.48
5277.78,-3310.91
5727.1,-3231.44
5655.62,-3216.96
5814.63,-3247.95
5663.1,-3334.47
5310.03,-3361.03
5398.43,-3263.27
5429.43,-3274.56
5403.98,-3319.79
5469.66,-3337.61
5441.2,-3343.08
5427.26,-3378.95
5103.1,-3391.43
5521.77,-3345.27
5341.4,-3419.43
5474.95,-3431.05
5596.1,-3363.45
5247.19,-3456.42
5460.75,-3488.94
5159.58,-3432.43
5063.7,-3434.8
5271.29,-3509.11
5514.29,-3498.04
5089.21,-3519.29
5275.47,-3556.84
5580.59,-3510.48
5272.01,-3600.17
5293.5,-3628.34
5120.83,-3582.55
5220.74,-3666.23
5324.25,-3673.61
5185.78,-3657.98
5083.6,-3688.43
5287.32,-3688.85
5306.92,-3737.77
5172.94,-3734.82
5427.22,-3661.82
5454.91,-3704.06
5414.85,-3747.88
5469.64,-3758.48
5084.01,-3781.27
5415.25,-3791.24
5179.23,-3806.22
5141.57,-3820.99
5271.52,-3822.44
5458.83,-3864.19
5650.09,-3771.42
5702.62,-3811.92
5632.13,-3691.97
5690.64,-3713.47
5435,-3884.22
5360.33,-3890.43
5762.6,-3708.46
5801.62,-3823.97
5749.63,-3902.47
5287.6,-3883.96
5523.02,-3921.52
5450.05,-3932.73
5388.49,-3942.51
5468.9,-3975.99
5144.62,-3967.61
5201.62,-3940.31
5292.54,-3971.69
5893.61,-3909.94
5901.59,-4027.93
5543.32,-3988.18
5772.63,-3967.45
5875.63,-3269.93
5648.09,-3479.47
5840.1,-3429.45
5904.12,-3492.48
5630.62,-3565.98
2911.44,-62.5
2901.25,-104.03
2870.71,-173.64
2776.6,-237.77
2912.08,-240.05
2427.86,-227.91
2451.96,-279.87
2662.38,-274.3
2750.66,-322.74
2826.53,-351.53
2945.04,-280.09
2258.97,-241.6
2207.53,-260.53
2695.81,-340.9
3055.47,-327.7
2827.49,-401.22
3127.27,-283.01
2786.31,-450.28
2150.22,-517.27
2207.93,-547.64
2773.88,-547.58
2878.53,-524.36
2854.01,-573.48
2703.96,-612.49
2838.06,-636.1
2263.72,-578.88
2306.36,-611.88
2228.2,-650.96
2245.97,-691.3
2412.67,-584.55
2304.61,-743.3
2202.42,-760.1
2254.05,-772.84
2739.49,-685.28
2678.11,-710.62
2689.43,-784.35
2724.53,-791.86
2506.38,-710.06
2565.22,-717.53
2529.35,-773.81
2466.94,-615.55
2631.29,-825.33
2983.88,-746.53
2883.05,-758.87
2937.06,-762.63
3001.23,-666.38
2930.89,-676.86
2977.34,-826.99
2785.52,-821.34
2170.15,-833.09
2632.98,-880.38
2537.81,-927.56
2875.86,-886.31
2803.08,-885.71
2469.1,-927.47
2461.09,-972.82
2651.65,-461.87
2593.59,-481.25
2626.42,-523.49
2994.11,-539.51
2958.71,-583.38
3059.57,-640.13
3139.3,-624.77
2157.01,-915.1
3438.87,-232.57
3421.8,-111.26
3512.35,-167.85
3422.33,-168.47
3375.55,-213.19
3320.63,-320.97
3352.06,-425.29
3254.48,-275.23
3226.13,-386.49
3914.69,-336.65
3954.63,-241.97
3873.44,-293.13
3958.15,-354.99
3843.65,-394.1
3867.7,-445.65
3244.17,-449.58
3411.43,-457.63
3471.88,-428.2
3305.79,-448.97
3371.47,-524.21
3245.84,-572.31
3532.62,-466.47
3454.2,-590.55
3408.97,-654.03
3666.35,-611.65
3689.59,-491.72
3594.21,-545.97
3614.7,-604.84
3753.65,-622.44
3590.05,-647.71
3638.33,-699.7
3248.53,-641.87
3341.55,-723.48
3196.65,-738.79
3418.47,-721.92
3483.95,-757.98
3490.27,-809.58
3361.88,-849.26
3164.67,-841.89
3134.13,-773.42
3122.74,-895.89
3852.82,-901.55
3930.25,-836.58
3937.93,-882.9
3793.78,-882.45
3831.89,-1007.72
3850.12,-101.52
3733.03,-147.62
3918.24,-164.04
3831.04,-183.18
3606.84,-149.09
3684.91,-183.71
3610.41,-218.35
3641.01,-254.79
3803.26,-230.34
3754.47,-261.07
3776.55,-349.96
3786.02,-398.93
3581.86,-402.46
3579.58,-496.97
3973.69,-562.29
4081.05,-529.82
4056.97,-490.62
4036.67,-571.34
3789.96,-680.96
3703.64,-735.9
3571.39,-770.31
3656.63,-764.19
3717.03,-796.37
3926.81,-743.97
4021.91,-775.82
3594.43,-829.1
3313.49,-874.53
3354.89,-958.53
4037.45,-915.82
3434.64,-971.47
3382.74,-1050.24
3500.39,-1053.43
3449.47,-1077.73
3679.02,-978.33
3577.01,-1031.97
3634.93,-1031.14
3646.62,-1066.59
3911.4,-1066.16
3818.86,-1122.68
3882.51,-1119.21
4292.12,-247.76
4399.83,-303.39
4256.73,-356.53
4754.97,-287.66
4712.66,-206.38
4738.69,-386.26
4347.39,-365.2
4404.67,-358.87
4157.88,-328.87
4167.35,-449.74
4120.96,-346.92
4131.74,-448.33
4259.1,-489.39
4209.4,-533.66
4097.73,-597.14
4120.16,-624.62
4429.74,-569.67
4446.15,-634.07
4378,-670.79
4495.66,-525.13
4759.09,-612.61
4767.88,-544.04
4726.11,-723.03
4380.59,-736.81
4306.82,-693.2
4497.6,-857.63
4522.5,-794.11
4724.94,-148.83
4681.06,-411.29
4755.36,-473.55
4611.08,-439.03
4528.05,-460.46
4066.65,-657.67
4120.83,-733.34
4266.26,-744.09
4682.56,-776.23
4221.89,-792.97
4178.37,-828.17
4101.74,-844.07
4593.62,-746.16
4716.92,-869.41
4142.28,-941.31
4779.94,-915.96
4103.4,-987.65
4012.35,-1037.66
973.01,-1121.08
958.58,-1211.81
890.3,-1148.32
1025.58,-1180.67
1039.93,-1222.41
562.61,-1410.34
582.31,-1494.04
656.41,-1500.26
646.8,-1730.05
677.12,-1771.59
445.23,-1124.93
363.9,-1183.96
785.27,-1141.56
847.64,-1407.51
938.44,-1426.74
1149.51,-1522.91
1114.13,-1518.91
1236.34,-1495.9
963.87,-1745.46
886.16,-1773.71
1723.61,-1061.95
1754.62,-1100.9
1709.11,-1144.26
1486.83,-1131.93
1467.64,-1210.34
1812.02,-1170.07
1676,-1196.87
1572.19,-1119.79
1644.24,-1165.62
1531.9,-1199.54
1809.92,-1219.02
1710.97,-1263.18
1972.21,-1155.81
2021.85,-1193.83
1588.9,-1246.39
1211.16,-1170.9
1284.23,-1261.21
1820.92,-1285.51
2063.26,-1277.99
1676.29,-1313.18
1431.24,-1255.55
1492.41,-1281.62
1909.74,-1288.2
1870.33,-1329.88
1585.5,-1331.79
1588.39,-1372.17
1434.4,-1348.31
1369.34,-1357.39
1296.84,-1299.69
1259.65,-1337.5
1298.14,-1380.19
1749.26,-1338.25
1729.83,-1381.2
1976.17,-1339.46
2054.74,-1384.1
1906.01,-1351.94
1774.88,-1399.09
1694.24,-1437.98
1963.43,-1435.21
1355.32,-1436.1
1466.21,-1462.04
1602.72,-1489.32
1720.35,-1479.18
1296.88,-1479.78
1348.9,-1493.29
1829.08,-1468.03
1413.43,-1550.8
1883.88,-1482.49
1900.63,-1520.6
1771.18,-1566.35
1699.26,-1576.64
1324.98,-1595.7
1418.81,-1587.79
2005.78,-1570.33
2000.36,-1536.43
1925.75,-1646.5
2036.4,-1641.66
1989.28,-1696.14
1537.71,-1579.64
1588.35,-1599.26
1642.36,-1638.66
1578.89,-1640.24
1412.38,-1705.48
1268.72,-1625.46
1475.45,-1773.65
1591.44,-1760.98
1560.94,-1741.62
1715.87,-1761.75
1578.34,-1882.83
1248.97,-1794.64
1221.3,-1851.12
1984.38,-1855.61
1908.43,-1812.36
1883.31,-1884.09
2099.55,-1896.71
1626.21,-1900.39
1654.53,-1944.92
1737.63,-1919.9
1486.79,-1968.88
1774.23,-1606.42
1711.94,-1704.43
1870.43,-1698.71
1891.51,-1761.67
1829.74,-1798.65
1766.78,-1820.2
1798.54,-1879.84
2678.82,-1069.36
2751.26,-1072.24
2709.07,-1096.02
2614.91,-1106.81
2778.18,-1117.77
2736.14,-1125.73
2628.22,-1149.37
2667.78,-1140.99
2827.12,-1123.41
2644.94,-1205.76
2938.34,-1109.52
3005,-1177.64
2889.91,-1212.23
2543.83,-1126.2
2497.67,-1154.41
3113.09,-1142.57
3115.51,-1193.16
3078.87,-1248.86
2651.49,-1242.96
2419.46,-1235.23
2464.53,-1266.08
2316.59,-1163.08
2369.76,-1201.64
2366.75,-1269.54
2983.88,-1294.86
3135.86,-1291.08
2714.49,-1288.44
2832.77,-1300.53
2886.73,-1300.76
2499.19,-1309.92
2664.79,-1343.88
3079.48,-1318.34
2376.74,-1371.1
2759.85,-1378.32
3005.47,-1404.05
2594.07,-1380.18
2445.61,-1392.43
2511.91,-1402.69
2649.71,-1470.47
2270.87,-1381.51
2305.65,-1406.57
2455.24,-1443.79
2383.5,-1463.72
2336.48,-1491.81
2547.54,-1482.87
2792.57,-1499.18
2244.73,-1485.37
2491.21,-1493.45
2392.34,-1547.21
2311.23,-1554.04
2439.71,-1571.92
2892.2,-1470.27
2592.61,-1511.94
2595.72,-1568.42
2688.13,-1580.43
2541.42,-1553.45
2534.09,-1586.05
2745.48,-1567.14
2355.36,-1596.93
2545.74,-1625.47
2393.88,-1607.2
2430.63,-1626.6
2379.87,-1669.32
2343.31,-1674.65
2468.28,-1654.62
2776.16,-1627.3
2494.71,-1681.45
2695.41,-1687
2278.29,-1689.42
2977.54,-1602.48
2914.4,-1650.15
2994.56,-1707.61
2618.3,-1715.11
2763.26,-1725.63
2877.5,-1760
2561.97,-1775.67
2472.33,-1785.6
2343.72,-1738.52
3140.65,-1672.89
3123.35,-1721.13
3095.09,-1778.54
2280.58,-1763.17
2647.89,-1741.07
2688.42,-1798.12
2605.15,-1833.32
2823.15,-1794.72
2764.56,-1820.55
2419.68,-1820.64
2369.57,-1854.14
2261.12,-1854.19
2999.02,-1797.54
2809.04,-1849.05
2931.77,-1856.84
2888.25,-1849.79
2402.93,-1871.3
3026.84,-1855.5
3009.27,-1917.91
2761.3,-1881.22
2807.2,-1926.88
2750.38,-1942.42
2487.62,-1912.68
2588.83,-1912.98
2317.51,-1899.89
2436.81,-1969.94
2693.83,-1958.95
2561.91,-1962.19
3155.18,-1799.59
3171.6,-1858.64
3103.29,-1873.99
3139.43,-1954.01
3062.32,-1977.97
3522.84,-1132.15
3940.64,-1105.89
4080.02,-1123.11
4020.6,-1146.24
3329.28,-1088.92
3284.41,-1119.92
3938.85,-1162.94
3640.27,-1159.47
3600.03,-1177.33
3312.16,-1191.23
3739.32,-1188.22
4100.51,-1157.72
4159.48,-1174.91
3530.16,-1185.31
3539.86,-1233.7
3998.85,-1225.11
3654.84,-1253.78
4169.89,-1263.2
3882.3,-1259.63
3436.89,-1234.05
3491,-1287.72
3272.37,-1250.5
3676.47,-1297.76
4009.51,-1281.9
4060.77,-1306.74
3403.85,-1326.44
3285.72,-1346.51
3889.1,-1381.14
4126.77,-1342.21
4023.11,-1381.14
4080.85,-1381.86
3504.12,-1388.07
3616.28,-1386.2
3676.97,-1382.74
4142.17,-1400.93
4160.8,-1464.07
3304.43,-1410.55
3301.99,-1462.61
4055.91,-1462.78
3989.28,-1487.96
3878.09,-1438.6
3921.22,-1480.49
3707.72,-1423.31
3614.3,-1426.05
3558.72,-1496.12
3626.33,-1497.32
3721.71,-1469.49
3461.83,-1444.57
3409.44,-1480.05
3269.99,-1515.53
3568.15,-1541.12
3647.1,-1541.98
3931.1,-1516.67
3830.35,-1552.32
4071.88,-1511.73
4131.7,-1575.06
3736.04,-1563.97
3896.15,-1569.95
3983.12,-1578.13
3876.81,-1592.99
3934.75,-1592.84
3509.72,-1523.49
3890.35,-1629.18
4085.03,-1599.89
4050.83,-1623
3610.26,-1646.12
3685.29,-1626.58
3789.9,-1630.07
4001.89,-1636.84
4158.68,-1620.85
4103.27,-1657.24
4055.22,-1674
3815.91,-1696.6
4091.23,-1727.9
4014.11,-1706.65
3282.82,-1659.68
3296.74,-1729.8
3357.42,-1665.04
3309.64,-1772.61
4015.22,-1782.12
3398.19,-1791.53
3732.26,-1731.02
3771.77,-1846.96
3779.14,-1719.18
3641.8,-1734.42
3714.39,-1765.86
3660.08,-1810.77
3472.25,-1811.38
3469.96,-1912.74
3505.59,-1737.37
3579.25,-1765.14
3684.02,-1892.79
3874.51,-1804.55
3828.69,-1842.21
3814.47,-1913.74
3857.13,-1930.01
4100,-1844.04
4179.11,-1873.49
4142.18,-1799.27
3976.97,-1819.98
4065.8,-1821.75
4036.62,-1845.63
4015.01,-1913.48
4289.31,-1902.82
3639.95,-1913.44
3661.54,-1955.96
3279.75,-1933.31
3419.56,-1557.32
3432.45,-1617.31
3586.94,-1721.92
3907,-1867.85
4715.72,-1177.03
4694.9,-1295.8
4422.91,-1200.2
4348.45,-1286.87
4376.82,-1167.52
4537.1,-1235.83
4387.11,-1315.1
4435.13,-1314.9
4613.67,-1258.16
4504.15,-1300.25
4597.4,-1318.54
4865.26,-1268.78
4936.98,-1215.16
4985.6,-1230.19
4834.83,-1342.36
4305.18,-1294.79
4309.7,-1369.88
4397.38,-1395.57
5010.6,-1504.32
5033.53,-1553.02
4990.5,-1384.1
4959.51,-1447.57
4961.58,-1519.37
4922.88,-1570.85
5010.98,-1628.54
4871.62,-1886.44
4892.57,-1944.46
4341.46,-1892.27
4449.04,-1955.4
4408.92,-1786.29
4336.09,-1802.67
4300.92,-1972.84
4565.11,-1942.99
5067.81,-1989.78
4962.25,-1125.35
5088.19,-1199.41
5174.96,-1213.45
5029.6,-1266.31
4666,-1380.3
4623.47,-1402.47
4896.03,-1398.43
4859.27,-1434.98
4638.3,-1478.45
4664.96,-1483.72
4471.88,-1448.59
4328.4,-1498.48
4360.96,-1509.73
4648.08,-1522.24
4695.76,-1509.81
4731.43,-1556.53
4765.66,-1527.78
4709.91,-1587.66
4313.12,-1542.41
4759.07,-1572.11
4579.37,-1603.83
4756.45,-1629.68
4325.02,-1651.88
4775.73,-1683.02
4870.96,-1663.97
4681.72,-1704.61
4455.82,-1599.43
4508.29,-1618.85
4549.11,-1664.97
4457.07,-1656.47
4402.9,-1662.23
4983.19,-1701.58
5036.73,-1746.19
4793.92,-1740.67
4749.09,-1754.45
4331.85,-1748.86
4606.42,-1730.9
4573.24,-1787.32
4709,-1748.91
4730.08,-1793.5
5124,-1728.06
5191.05,-1767.31
5070.86,-1842.17
4491.94,-1811.75
4543.2,-1852.03
4711.58,-1993.07
675.08,-37.33
926.42,-675.88
414.5,-688.67
472.45,-952.83
923.51,-269.4
1786.13,-33.01
1132.31,-130.68
951.68,-2133.25
3768.41,-2068.65
3998,-2899.8
1537.44,-3317.27
1708.9,-3736.26
1516.42,-3849.67
2350.03,-3070.67
2594.76,-105.89
4368.56,-138.73
4606.12,-614.21
4343.66,-936.58
4469.14,-986.33
4882.36,-1009.46
591.35,-1178.93
1121.33,-1355.47
1129.06,-1669.57
1044.02,-1872.66
1388.76,-1880.47
5172.85,-1340.96
5220.6,-1523.37
